creator_id,date,views,likes,comments,shares,orders,gmv,engagement_rate
CR0001,2026-02-27,10185,1064,82,57,180,27604.87,10.45
CR0001,2026-02-28,13514,467,65,15,213,16923.46,3.46
CR0001,2026-03-01,15789,1441,91,112,814,111941.85,9.13
CR0001,2026-03-02,15204,1107,127,72,359,11003.09,7.28
CR0001,2026-03-03,14405,1277,93,82,538,99995.24,8.87
CR0001,2026-03-04,11820,1245,178,27,1043,55838.15,10.54
CR0001,2026-03-05,14321,1553,122,34,487,91128.35,10.85
CR0001,2026-03-06,11251,797,90,41,515,57040.51,7.09
CR0001,2026-03-07,14051,1444,119,92,948,21363.33,10.28
CR0001,2026-03-08,14711,831,97,26,883,82108.64,5.66
CR0001,2026-03-09,12024,715,64,18,925,174314.93,5.95
CR0001,2026-03-10,8869,572,54,20,317,39028.38,6.45
CR0001,2026-03-11,10817,674,49,40,303,43478.46,6.24
CR0001,2026-03-12,15862,1743,221,107,1250,107697.38,10.99
CR0001,2026-03-13,10555,1226,119,57,730,106835.01,11.62
CR0001,2026-03-14,20608,2022,263,140,1540,195959.77,9.82
CR0001,2026-03-15,19407,1500,154,62,881,149046.99,7.73
CR0001,2026-03-16,15845,763,79,22,1041,148293.72,4.82
CR0001,2026-03-17,14452,1069,149,49,126,11941.83,7.4
CR0001,2026-03-18,13306,1068,125,41,115,2362.42,8.03
CR0001,2026-03-19,10668,390,36,24,286,51754.37,3.66
CR0001,2026-03-20,16623,1204,94,37,369,55819.41,7.25
CR0001,2026-03-21,21431,1365,189,64,1395,48050.77,6.37
CR0001,2026-03-22,21480,2335,147,167,586,53179.82,10.87
CR0001,2026-03-23,10055,1187,158,77,760,113572.06,11.81
CR0001,2026-03-24,12388,794,57,37,177,31424.13,6.41
CR0001,2026-03-25,15078,496,57,28,1582,100172.13,3.29
CR0001,2026-03-26,9649,805,76,48,510,14260.93,8.35
CR0001,2026-03-27,12582,988,123,65,372,23119.46,7.86
CR0001,2026-03-28,21265,1740,187,115,1054,187323.73,8.18
CR0001,2026-03-29,22019,1693,154,61,1177,179302.04,7.69
CR0001,2026-03-30,10581,963,101,21,412,36506.43,9.11
CR0001,2026-03-31,13363,1238,112,47,317,20089.64,9.27
CR0001,2026-04-01,11022,1181,76,56,141,13390.97,10.72
CR0001,2026-04-02,13463,874,65,34,198,17185.2,6.5
CR0001,2026-04-03,13535,1416,78,60,382,12644.65,10.46
CR0001,2026-04-04,20419,1692,198,55,707,52723.71,8.29
CR0001,2026-04-05,21544,1057,72,68,1683,310680.85,4.91
CR0001,2026-04-06,14899,1390,124,47,379,39387.61,9.33
CR0001,2026-04-07,14553,840,72,61,808,121227.83,5.78
CR0001,2026-04-08,15490,911,64,35,278,42652.27,5.88
CR0001,2026-04-09,9521,759,82,47,203,12464.88,7.98
CR0001,2026-04-10,14006,729,76,55,595,64231.32,5.21
CR0001,2026-04-11,19861,1917,184,122,440,52086.47,9.66
CR0001,2026-04-12,14221,1564,233,121,888,29640.97,11.0
CR0001,2026-04-13,16106,553,28,15,495,23356.74,3.44
CR0001,2026-04-14,11265,800,44,46,1199,166266.75,7.1
CR0001,2026-04-15,9634,750,68,15,604,43248.78,7.79
CR0001,2026-04-16,13625,1264,117,96,435,49759.38,9.28
CR0001,2026-04-17,11515,987,74,40,437,84198.36,8.58
CR0001,2026-04-18,17323,898,107,34,683,135576.49,5.19
CR0001,2026-04-19,19396,637,57,27,955,139919.08,3.29
CR0001,2026-04-20,10282,1090,124,43,1188,215102.15,10.61
CR0001,2026-04-21,17200,871,122,53,658,122617.42,5.07
CR0001,2026-04-22,15295,844,88,50,465,10610.58,5.52
CR0001,2026-04-23,11374,488,64,33,682,82871.51,4.3
CR0001,2026-04-24,14379,1530,180,80,657,106624.3,10.64
CR0001,2026-04-25,20055,743,92,30,247,8319.77,3.71
CR0001,2026-04-26,19183,1635,179,127,714,114981.61,8.52
CR0001,2026-04-27,13495,681,71,28,337,29795.21,5.05
CR0001,2026-04-28,16211,917,68,22,410,66051.1,5.66
CR0001,2026-04-29,11066,720,61,18,794,124691.64,6.51
CR0001,2026-04-30,10651,403,37,21,294,10622.63,3.79
CR0001,2026-05-01,14473,1211,155,86,143,22915.81,8.37
CR0001,2026-05-02,20721,1665,248,57,1141,57632.27,8.04
CR0001,2026-05-03,15757,853,55,25,369,59364.72,5.42
CR0001,2026-05-04,12924,1486,181,73,658,29207.38,11.5
CR0001,2026-05-05,9946,652,87,27,657,64064.67,6.56
CR0001,2026-05-06,16901,1497,163,56,1055,112063.95,8.86
CR0001,2026-05-07,11438,753,61,48,911,146448.16,6.58
CR0001,2026-05-08,12724,702,90,29,669,133470.64,5.52
CR0001,2026-05-09,14952,1481,78,94,806,131848.22,9.91
CR0001,2026-05-10,22228,805,108,54,811,60427.51,3.62
CR0001,2026-05-11,12170,533,49,22,553,69016.57,4.39
CR0001,2026-05-12,14613,1652,226,74,269,39353.13,11.31
CR0001,2026-05-13,17033,1421,200,37,543,27117.92,8.34
CR0001,2026-05-14,15344,1238,141,72,991,161851.7,8.07
CR0001,2026-05-15,10995,427,30,27,640,38262.86,3.89
CR0001,2026-05-16,17338,1242,146,76,533,56977.06,7.17
CR0001,2026-05-17,16484,1860,108,129,854,69816.21,11.28
CR0001,2026-05-18,16952,1303,110,33,977,31353.28,7.69
CR0001,2026-05-19,10545,990,51,40,242,45347.42,9.4
CR0001,2026-05-20,16634,1271,133,50,637,104210.68,7.64
CR0001,2026-05-21,15697,734,84,32,1337,134934.72,4.68
CR0001,2026-05-22,13974,424,30,15,1073,132968.97,3.04
CR0001,2026-05-23,22419,1755,151,55,471,50918.45,7.83
CR0001,2026-05-24,24362,1418,126,61,373,38200.76,5.82
CR0001,2026-05-25,11790,1068,138,80,709,54148.76,9.06
CR0001,2026-05-26,12394,502,43,14,505,62349.87,4.05
CR0001,2026-05-27,14047,1036,107,77,710,35525.41,7.38
CR0002,2026-02-27,845447,39599,5314,2263,86641,9290480.25,4.68
CR0002,2026-02-28,1030607,66530,7062,3937,39492,5837929.67,6.46
CR0002,2026-03-01,1221544,55033,5863,3728,16552,1000929.48,4.51
CR0002,2026-03-02,850987,85325,9092,5661,38426,4729799.84,10.03
CR0002,2026-03-03,840688,66313,9886,3482,66707,6633743.28,7.89
CR0002,2026-03-04,813557,55536,6864,3288,30565,788621.97,6.83
CR0002,2026-03-05,841405,90533,5314,6510,20108,1161801.43,10.76
CR0002,2026-03-06,1123333,103371,14069,5852,50116,8082351.44,9.2
CR0002,2026-03-07,1521874,155976,16690,8100,52669,10334712.66,10.25
CR0002,2026-03-08,1123990,91657,13312,4662,107928,4792651.11,8.15
CR0002,2026-03-09,1138118,76303,4267,2795,76453,3355090.53,6.7
CR0002,2026-03-10,781263,46085,3445,3254,18808,2517118.97,5.9
CR0002,2026-03-11,1070143,68238,3927,4618,61663,9555571.58,6.38
CR0002,2026-03-12,1112436,121209,11571,5973,77263,13327104.04,10.9
CR0002,2026-03-13,754543,88653,10060,5482,67953,6223737.55,11.75
CR0002,2026-03-14,1665766,173633,17271,6836,52078,2265755.73,10.42
CR0002,2026-03-15,1578870,159382,22220,10477,23499,4009079.61,10.09
CR0002,2026-03-16,713089,81041,5332,3840,52550,10469270.2,11.36
CR0002,2026-03-17,1254152,137195,11001,9941,53102,4507211.15,10.94
CR0002,2026-03-18,756183,67909,7802,1569,49869,7776661.04,8.98
CR0002,2026-03-19,968198,36992,2201,1213,16366,1857540.44,3.82
CR0002,2026-03-20,979886,30107,2539,819,82162,8708025.3,3.07
CR0002,2026-03-21,1105381,42048,5491,1101,31566,2805895.08,3.8
CR0002,2026-03-22,1571588,170839,19502,10357,24712,3209037.63,10.87
CR0002,2026-03-23,814230,50162,3576,3255,67603,6735225.81,6.16
CR0002,2026-03-24,848522,93925,6011,2572,44148,4295157.75,11.07
CR0002,2026-03-25,1202885,62911,7200,2194,76487,5452432.84,5.23
CR0002,2026-03-26,1297894,42070,5667,3052,35027,1889929.92,3.24
CR0002,2026-03-27,961553,84765,10882,5732,22789,1444702.18,8.82
CR0002,2026-03-28,1450632,52790,7331,1094,41781,3744868.0,3.64
CR0002,2026-03-29,1615471,109654,11473,3329,103250,3421553.36,6.79
CR0002,2026-03-30,1089039,34023,2435,2563,74721,5347617.88,3.12
CR0002,2026-03-31,1169240,115801,10695,5111,66532,3159104.35,9.9
CR0002,2026-04-01,779489,28928,4110,2269,13453,1689141.05,3.71
CR0002,2026-04-02,1205701,106687,12195,4119,71189,4481684.26,8.85
CR0002,2026-04-03,883436,100019,6161,5674,14269,1975534.84,11.32
CR0002,2026-04-04,1094699,34088,2172,704,41477,4691053.33,3.11
CR0002,2026-04-05,1625573,86695,7558,5634,142585,5881661.14,5.33
CR0002,2026-04-06,1301758,78302,7276,4027,54544,7251947.15,6.02
CR0002,2026-04-07,1049576,79736,4428,5706,14958,2381301.81,7.6
CR0002,2026-04-08,1303533,118192,7272,7617,18029,400457.5,9.07
CR0002,2026-04-09,768560,48233,6850,1482,31774,5228754.46,6.28
CR0002,2026-04-10,1194382,106315,7702,3709,72576,12242080.43,8.9
CR0002,2026-04-11,1437978,58591,6874,1356,37426,1057926.26,4.07
CR0002,2026-04-12,1299465,141549,19336,9400,24192,2472768.63,10.89
CR0002,2026-04-13,981162,55184,7088,3552,22985,4480567.05,5.62
CR0002,2026-04-14,1385771,138341,17050,7303,59247,11128456.19,9.98
CR0002,2026-04-15,763792,60140,6831,3705,6806,1065868.93,7.87
CR0002,2026-04-16,991837,95640,7723,3090,71906,13878815.14,9.64
CR0002,2026-04-17,1377903,58993,4600,1335,48579,4583439.56,4.28
CR0002,2026-04-18,1730275,123301,15386,6762,89293,8124165.74,7.13
CR0002,2026-04-19,1478429,52640,6119,1465,60750,11341268.74,3.56
CR0002,2026-04-20,1010610,105983,8756,4998,38445,1710807.59,10.49
CR0002,2026-04-21,1257527,50059,3031,2351,24965,2109336.3,3.98
CR0002,2026-04-22,1260150,89057,8579,6336,26907,2011532.26,7.07
CR0002,2026-04-23,1219868,102831,7352,7341,30114,5851511.59,8.43
CR0002,2026-04-24,1020813,35121,2805,2430,32864,5712691.11,3.44
CR0002,2026-04-25,1465556,116527,6930,3043,59716,1857194.66,7.95
CR0002,2026-04-26,1660253,83022,5796,3655,138526,4866016.15,5.0
CR0002,2026-04-27,1151617,129635,7453,10348,31465,5212924.85,11.26
CR0002,2026-04-28,828581,88040,11523,2408,34656,6457927.63,10.63
CR0002,2026-04-29,1055247,100458,10006,4316,35924,6591865.72,9.52
CR0002,2026-04-30,952776,66828,4334,3798,58140,6383800.48,7.01
CR0002,2026-05-01,1357110,99222,5831,4264,61014,9975522.34,7.31
CR0002,2026-05-02,1221165,145889,15225,3088,54490,5794640.91,11.95
CR0002,2026-05-03,1683541,102633,10937,4033,25622,3266316.73,6.1
CR0002,2026-05-04,796584,82017,6404,5619,29381,3676092.12,10.3
CR0002,2026-05-05,933905,41433,3098,1428,57109,8718878.13,4.44
CR0002,2026-05-06,1290951,148849,16011,11753,68904,13675896.81,11.53
CR0002,2026-05-07,897959,46055,3767,2960,34418,5046419.44,5.13
CR0002,2026-05-08,1019146,82641,5306,6355,91572,17826301.78,8.11
CR0002,2026-05-09,1493935,68422,3680,1599,40480,4292418.96,4.58
CR0002,2026-05-10,1312512,111920,14621,4526,38329,6756600.77,8.53
CR0002,2026-05-11,827813,35839,4317,1021,15092,1293085.18,4.33
CR0002,2026-05-12,838173,78292,9098,4318,23138,4527063.56,9.34
CR0002,2026-05-13,1286915,89206,10162,4391,50039,6062520.87,6.93
CR0002,2026-05-14,1396133,118997,10195,7131,82179,12500995.12,8.52
CR0002,2026-05-15,993978,45716,2294,2839,67263,10677965.65,4.6
CR0002,2026-05-16,1536474,71272,5831,4884,92448,3581420.91,4.64
CR0002,2026-05-17,1476094,88278,5100,3602,54282,10495659.87,5.98
CR0002,2026-05-18,1360271,122835,15099,4931,10423,1508955.36,9.03
CR0002,2026-05-19,1039882,104853,12796,2399,38899,1942651.84,10.08
CR0002,2026-05-20,1085472,118706,10104,5047,95146,11802860.19,10.94
CR0002,2026-05-21,1324339,66617,6337,4526,8498,569391.39,5.03
CR0002,2026-05-22,876359,53249,7390,1579,19269,3777638.78,6.08
CR0002,2026-05-23,1350780,160303,22333,9982,62632,8099393.16,11.87
CR0002,2026-05-24,1439875,50136,4166,3933,58661,10946333.13,3.48
CR0002,2026-05-25,1183086,105831,8438,2725,46572,5047039.76,8.95
CR0002,2026-05-26,848048,25732,1512,1786,44691,1674019.46,3.03
CR0002,2026-05-27,955689,83562,12342,4045,22208,2326732.19,8.74
CR0003,2026-02-27,238682,12853,1467,555,7567,405477.16,5.39
CR0003,2026-02-28,182717,12712,970,892,5888,855907.77,6.96
CR0003,2026-03-01,190997,17215,2252,771,8747,270956.47,9.01
CR0003,2026-03-02,181092,13949,2044,854,14675,915948.39,7.7
CR0003,2026-03-03,171183,11218,1518,247,8700,1068946.14,6.55
CR0003,2026-03-04,251621,10887,1577,511,12831,745997.27,4.33
CR0003,2026-03-05,159486,5397,312,329,5090,237286.05,3.38
CR0003,2026-03-06,207141,12175,1493,833,3521,420300.91,5.88
CR0003,2026-03-07,309943,23794,3371,493,19897,3197515.93,7.68
CR0003,2026-03-08,196383,8536,910,469,9139,356551.39,4.35
CR0003,2026-03-09,230336,23198,3172,1689,12576,1733749.75,10.07
CR0003,2026-03-10,206223,14966,1006,661,12973,1197532.2,7.26
CR0003,2026-03-11,185723,20263,2412,465,6175,537467.83,10.91
CR0003,2026-03-12,179224,18178,1474,1282,14881,2902530.06,10.14
CR0003,2026-03-13,166490,9497,1181,630,6640,855871.06,5.7
CR0003,2026-03-14,195337,13625,1925,605,8719,761202.16,6.98
CR0003,2026-03-15,190601,19295,1091,1207,9332,1067315.02,10.12
CR0003,2026-03-16,208504,9515,1308,304,1559,45367.95,4.56
CR0003,2026-03-17,183870,8811,765,421,9887,1409998.76,4.79
CR0003,2026-03-18,169971,12576,1189,976,7723,633014.31,7.4
CR0003,2026-03-19,242370,12913,1718,328,1588,275816.29,5.33
CR0003,2026-03-20,235879,11626,838,389,6647,747060.46,4.93
CR0003,2026-03-21,320681,37533,4437,1818,4158,682559.26,11.7
CR0003,2026-03-22,219973,18642,2690,1170,10175,1843577.07,8.48
CR0003,2026-03-23,246132,17551,1260,669,12844,1608167.55,7.13
CR0003,2026-03-24,143476,17209,2523,1210,7736,548341.9,11.99
CR0003,2026-03-25,226697,16629,1390,608,5769,796707.72,7.34
CR0003,2026-03-26,260036,23047,1586,1176,3883,676872.0,8.86
CR0003,2026-03-27,243098,16134,1322,458,2856,209084.43,6.64
CR0003,2026-03-28,332211,22063,2728,1213,34815,2846824.95,6.64
CR0003,2026-03-29,301832,27698,3152,1344,19653,1455011.21,9.18
CR0003,2026-03-30,165416,14752,1561,555,8817,1327254.7,8.92
CR0003,2026-03-31,214006,23997,3472,1775,8626,519276.8,11.21
CR0003,2026-04-01,253272,17182,2382,726,12446,512783.47,6.78
CR0003,2026-04-02,151964,13235,1429,757,4544,188879.85,8.71
CR0003,2026-04-03,230520,17908,1635,1293,7071,577563.38,7.77
CR0003,2026-04-04,350115,38637,5743,1104,16761,579026.58,11.04
CR0003,2026-04-05,244216,29012,2359,681,7214,1148740.11,11.88
CR0003,2026-04-06,218835,9685,1244,646,3894,378861.86,4.43
CR0003,2026-04-07,200758,14648,739,762,17800,3213988.48,7.3
CR0003,2026-04-08,242497,18864,976,381,10805,1921748.39,7.78
CR0003,2026-04-09,186807,7331,735,281,1485,283224.26,3.92
CR0003,2026-04-10,205394,15779,1615,726,7559,1506546.53,7.68
CR0003,2026-04-11,273204,26640,1771,1982,9479,572321.6,9.75
CR0003,2026-04-12,355497,17421,909,875,8017,1303427.01,4.9
CR0003,2026-04-13,196365,17207,2187,987,5549,218965.88,8.76
CR0003,2026-04-14,255582,8776,540,409,3588,525054.57,3.43
CR0003,2026-04-15,175459,16092,819,728,3055,403576.5,9.17
CR0003,2026-04-16,239265,16196,2265,821,9970,1607730.41,6.77
CR0003,2026-04-17,213685,18122,2315,1266,14321,1342681.42,8.48
CR0003,2026-04-18,221928,17606,2483,1079,7114,158605.86,7.93
CR0003,2026-04-19,210412,8403,902,417,20585,689776.15,3.99
CR0003,2026-04-20,244138,27204,3113,1289,14627,424394.14,11.14
CR0003,2026-04-21,256220,27844,3765,1158,13612,556216.13,10.87
CR0003,2026-04-22,261666,28816,1468,815,11991,2170550.52,11.01
CR0003,2026-04-23,275677,14927,1840,632,5751,529351.03,5.41
CR0003,2026-04-24,211319,22233,2645,1082,11576,579033.5,10.52
CR0003,2026-04-25,220310,21012,3113,1484,5366,573525.98,9.54
CR0003,2026-04-26,294899,20476,2275,1366,21214,3784387.62,6.94
CR0003,2026-04-27,248027,27347,2688,1347,16829,528438.82,11.03
CR0003,2026-04-28,239027,7436,1017,382,18151,1094819.05,3.11
CR0003,2026-04-29,279041,30299,3087,1857,13868,2091257.71,10.86
CR0003,2026-04-30,217169,19487,2224,563,20512,2673216.6,8.97
CR0003,2026-05-01,155522,17744,1784,854,4626,718220.73,11.41
CR0003,2026-05-02,255693,15285,1189,770,10903,1821657.92,5.98
CR0003,2026-05-03,214540,15012,1610,379,7859,1544456.44,7.0
CR0003,2026-05-04,253823,8020,724,177,16301,2649254.68,3.16
CR0003,2026-05-05,283303,24754,3441,1330,15121,1230150.15,8.74
CR0003,2026-05-06,265478,27475,3693,1096,18606,2772265.2,10.35
CR0003,2026-05-07,204297,14449,863,860,1773,237686.63,7.07
CR0003,2026-05-08,263105,20862,1823,550,19004,3191359.94,7.93
CR0003,2026-05-09,332692,22233,1677,706,8300,488090.72,6.68
CR0003,2026-05-10,347654,16392,1373,1072,5222,736226.38,4.72
CR0003,2026-05-11,173567,19137,1832,1059,11508,239145.14,11.03
CR0003,2026-05-12,256541,20469,1909,1127,24552,4513459.65,7.98
CR0003,2026-05-13,251034,11454,1506,300,15557,1212386.21,4.56
CR0003,2026-05-14,277167,18758,2080,1154,6812,556639.75,6.77
CR0003,2026-05-15,198074,20289,1294,1139,14446,2481149.58,10.24
CR0003,2026-05-16,302776,17637,2181,938,5418,805056.37,5.83
CR0003,2026-05-17,327909,37023,2342,2318,17394,2046377.42,11.29
CR0003,2026-05-18,245933,23100,2912,1241,18022,2664052.66,9.39
CR0003,2026-05-19,251502,27777,2871,2017,5102,199818.22,11.04
CR0003,2026-05-20,211820,7366,409,265,20421,2920412.5,3.48
CR0003,2026-05-21,180068,6407,822,206,7403,751160.28,3.56
CR0003,2026-05-22,244936,22239,2361,744,12039,1347958.85,9.08
CR0003,2026-05-23,351352,32553,3883,742,11822,1913509.81,9.27
CR0003,2026-05-24,331986,38817,2149,2508,11004,1924380.1,11.69
CR0003,2026-05-25,222403,11186,1268,699,8651,1322919.62,5.03
CR0003,2026-05-26,188684,17970,1246,843,8545,1651283.18,9.52
CR0003,2026-05-27,263728,10744,580,394,4967,855727.45,4.07
CR0004,2026-02-27,4889,351,50,7,402,64022.11,7.2
CR0004,2026-02-28,9739,1031,82,69,270,39793.32,10.59
CR0004,2026-03-01,9216,1070,109,71,203,18800.86,11.61
CR0004,2026-03-02,6365,697,81,27,282,37023.92,10.95
CR0004,2026-03-03,6907,556,69,32,105,6642.57,8.05
CR0004,2026-03-04,7629,859,63,19,484,79045.52,11.27
CR0004,2026-03-05,5410,287,35,6,317,35686.48,5.31
CR0004,2026-03-06,7097,523,41,30,133,4957.2,7.38
CR0004,2026-03-07,11801,1175,121,67,329,19204.23,9.96
CR0004,2026-03-08,10243,1077,75,75,909,89393.6,10.52
CR0004,2026-03-09,8457,308,36,6,273,9059.41,3.65
CR0004,2026-03-10,5745,302,17,20,384,38861.81,5.27
CR0004,2026-03-11,6728,393,34,10,85,2667.54,5.85
CR0004,2026-03-12,8208,279,37,11,293,42033.24,3.41
CR0004,2026-03-13,7626,421,60,18,273,13141.74,5.53
CR0004,2026-03-14,7769,755,97,53,270,19885.55,9.72
CR0004,2026-03-15,11531,1347,184,79,453,80388.5,11.69
CR0004,2026-03-16,5662,191,20,8,160,9249.52,3.38
CR0004,2026-03-17,8277,789,56,58,370,19653.92,9.53
CR0004,2026-03-18,7753,408,25,24,213,33054.94,5.27
CR0004,2026-03-19,9396,746,85,18,402,22325.14,7.94
CR0004,2026-03-20,7628,882,75,53,158,5145.36,11.56
CR0004,2026-03-21,7736,570,47,33,295,36000.37,7.37
CR0004,2026-03-22,11253,1308,87,50,886,119920.93,11.63
CR0004,2026-03-23,6341,395,46,15,261,41618.55,6.24
CR0004,2026-03-24,7280,289,33,7,286,51603.97,3.98
CR0004,2026-03-25,6014,577,65,36,588,78611.35,9.6
CR0004,2026-03-26,8751,718,91,23,83,15016.15,8.21
CR0004,2026-03-27,7560,671,43,29,596,103876.57,8.89
CR0004,2026-03-28,7506,563,33,23,59,11417.68,7.51
CR0004,2026-03-29,12427,1137,142,32,280,34116.95,9.16
CR0004,2026-03-30,9090,392,48,29,147,9072.1,4.32
CR0004,2026-03-31,6393,326,38,16,371,68717.49,5.11
CR0004,2026-04-01,9170,308,35,8,808,55937.16,3.36
CR0004,2026-04-02,8562,702,75,29,339,61589.79,8.21
CR0004,2026-04-03,5594,294,43,9,283,23235.95,5.26
CR0004,2026-04-04,11474,1260,63,91,341,38402.54,10.98
CR0004,2026-04-05,8494,369,24,20,662,62645.37,4.35
CR0004,2026-04-06,6771,272,31,13,398,37396.82,4.02
CR0004,2026-04-07,6392,265,28,7,407,18899.34,4.15
CR0004,2026-04-08,6054,684,69,30,536,95478.55,11.3
CR0004,2026-04-09,8622,895,129,29,439,46841.44,10.39
CR0004,2026-04-10,6321,423,27,23,452,50599.09,6.7
CR0004,2026-04-11,7927,726,103,40,103,4511.23,9.17
CR0004,2026-04-12,7043,542,76,33,528,27422.2,7.7
CR0004,2026-04-13,9489,796,109,41,352,48819.12,8.4
CR0004,2026-04-14,9510,746,37,56,509,48723.07,7.85
CR0004,2026-04-15,9404,872,81,66,521,43291.56,9.28
CR0004,2026-04-16,9099,1016,135,55,273,43094.31,11.17
CR0004,2026-04-17,9605,360,39,18,136,20924.45,3.75
CR0004,2026-04-18,7072,544,55,23,224,20964.63,7.7
CR0004,2026-04-19,7686,525,56,18,388,50493.75,6.83
CR0004,2026-04-20,10043,660,46,35,334,40292.72,6.58
CR0004,2026-04-21,7695,915,98,60,185,32465.56,11.9
CR0004,2026-04-22,6006,304,39,23,103,16633.94,5.07
CR0004,2026-04-23,9209,785,92,18,389,64101.94,8.53
CR0004,2026-04-24,9333,676,74,17,230,29813.79,7.25
CR0004,2026-04-25,11553,1314,118,78,508,15414.42,11.38
CR0004,2026-04-26,11877,543,53,11,1181,133769.02,4.58
CR0004,2026-04-27,6423,645,65,39,400,33901.28,10.06
CR0004,2026-04-28,8611,1014,59,37,382,35518.81,11.78
CR0004,2026-04-29,6474,203,24,15,384,46325.95,3.14
CR0004,2026-04-30,8303,508,66,17,613,56832.56,6.13
CR0004,2026-05-01,5569,254,25,13,211,8664.0,4.58
CR0004,2026-05-02,10405,553,57,37,269,23638.23,5.32
CR0004,2026-05-03,10241,531,44,35,825,144510.46,5.19
CR0004,2026-05-04,7885,419,36,28,240,39366.97,5.32
CR0004,2026-05-05,7567,467,48,28,169,15515.47,6.18
CR0004,2026-05-06,9197,558,58,17,211,26009.61,6.08
CR0004,2026-05-07,6491,630,90,19,293,18626.06,9.72
CR0004,2026-05-08,6902,349,46,24,308,12806.06,5.06
CR0004,2026-05-09,7817,906,89,18,797,137595.6,11.6
CR0004,2026-05-10,9673,564,78,41,376,19896.77,5.84
CR0004,2026-05-11,9360,711,63,46,182,17503.24,7.6
CR0004,2026-05-12,10230,336,28,24,629,26208.09,3.29
CR0004,2026-05-13,8199,478,24,28,180,15315.92,5.84
CR0004,2026-05-14,9890,463,35,16,642,34093.06,4.68
CR0004,2026-05-15,7770,526,65,22,281,34521.9,6.77
CR0004,2026-05-16,13653,1252,164,79,955,166299.47,9.17
CR0004,2026-05-17,8686,886,109,42,85,3757.42,10.2
CR0004,2026-05-18,10119,877,90,34,334,58293.14,8.68
CR0004,2026-05-19,5977,232,15,7,222,8288.22,3.89
CR0004,2026-05-20,9424,503,43,26,530,49881.99,5.34
CR0004,2026-05-21,7498,683,75,37,432,84796.05,9.12
CR0004,2026-05-22,7183,425,42,28,171,22308.57,5.93
CR0004,2026-05-23,10511,1220,166,71,726,94536.69,11.61
CR0004,2026-05-24,10149,1132,65,45,373,55158.5,11.16
CR0004,2026-05-25,8820,578,80,38,833,94769.1,6.56
CR0004,2026-05-26,8063,363,49,9,160,24623.61,4.51
CR0004,2026-05-27,9574,468,41,12,704,20900.76,4.9
CR0005,2026-02-27,833,64,9,1,25,4692.15,7.72
CR0005,2026-02-28,872,44,5,2,16,811.35,5.06
CR0005,2026-03-01,675,41,5,2,39,7342.7,6.21
CR0005,2026-03-02,742,31,4,1,36,5572.95,4.22
CR0005,2026-03-03,887,61,6,3,64,3896.52,6.91
CR0005,2026-03-04,546,31,2,0,6,938.96,5.77
CR0005,2026-03-05,568,31,3,1,31,2291.83,5.58
CR0005,2026-03-06,844,85,9,5,28,5006.1,10.18
CR0005,2026-03-07,912,47,5,2,44,1507.34,5.25
CR0005,2026-03-08,1022,78,10,4,46,6289.22,7.65
CR0005,2026-03-09,746,40,2,0,8,815.69,5.42
CR0005,2026-03-10,713,66,6,2,21,503.65,9.3
CR0005,2026-03-11,944,52,3,2,5,113.25,5.54
CR0005,2026-03-12,612,41,5,2,26,668.53,6.78
CR0005,2026-03-13,553,53,3,1,21,1106.46,9.76
CR0005,2026-03-14,1191,62,5,1,113,10086.79,5.25
CR0005,2026-03-15,1240,64,9,2,45,6294.66,5.22
CR0005,2026-03-16,613,39,5,2,15,2310.76,6.5
CR0005,2026-03-17,767,31,3,1,14,1960.07,4.1
CR0005,2026-03-18,959,49,4,1,68,6204.69,5.12
CR0005,2026-03-19,633,74,7,4,24,3809.84,11.72
CR0005,2026-03-20,637,47,5,1,62,1910.18,7.5
CR0005,2026-03-21,892,39,4,1,32,3856.1,4.39
CR0005,2026-03-22,1064,65,9,4,10,1503.92,6.13
CR0005,2026-03-23,642,21,2,1,30,3660.19,3.36
CR0005,2026-03-24,776,45,4,3,54,2638.54,5.91
CR0005,2026-03-25,772,54,7,2,41,4553.97,7.04
CR0005,2026-03-26,866,94,10,3,37,1161.86,10.95
CR0005,2026-03-27,975,101,6,6,40,2838.53,10.37
CR0005,2026-03-28,938,55,3,3,17,886.63,5.9
CR0005,2026-03-29,714,28,1,0,34,3678.25,3.96
CR0005,2026-03-30,823,68,3,2,25,4644.66,8.31
CR0005,2026-03-31,839,95,12,4,39,5999.21,11.36
CR0005,2026-04-01,949,98,12,2,51,7760.88,10.4
CR0005,2026-04-02,925,34,2,1,11,982.96,3.7
CR0005,2026-04-03,630,56,5,4,32,4937.58,8.91
CR0005,2026-04-04,1167,95,11,5,28,4554.01,8.19
CR0005,2026-04-05,1038,78,9,4,77,14048.44,7.54
CR0005,2026-04-06,800,95,12,4,57,4458.61,11.97
CR0005,2026-04-07,657,51,4,2,35,3550.14,7.91
CR0005,2026-04-08,996,29,1,1,7,1261.81,3.0
CR0005,2026-04-09,550,65,4,2,50,8401.04,11.86
CR0005,2026-04-10,981,74,7,4,15,721.49,7.6
CR0005,2026-04-11,877,96,7,3,29,3550.52,11.01
CR0005,2026-04-12,849,31,2,1,52,7618.66,3.69
CR0005,2026-04-13,939,36,4,0,55,8823.21,3.86
CR0005,2026-04-14,990,59,8,2,46,7298.83,6.01
CR0005,2026-04-15,909,96,13,5,27,3088.5,10.65
CR0005,2026-04-16,707,57,4,3,17,3391.94,8.08
CR0005,2026-04-17,1019,99,10,2,52,2425.4,9.78
CR0005,2026-04-18,933,67,8,3,23,2258.79,7.28
CR0005,2026-04-19,1160,114,11,3,46,5566.47,9.86
CR0005,2026-04-20,1038,80,5,2,49,6060.48,7.72
CR0005,2026-04-21,615,41,3,1,24,3805.02,6.72
CR0005,2026-04-22,643,39,5,2,32,5963.47,6.15
CR0005,2026-04-23,675,61,4,3,13,828.73,9.17
CR0005,2026-04-24,864,37,4,1,38,2847.01,4.33
CR0005,2026-04-25,1032,61,7,1,62,7364.61,5.99
CR0005,2026-04-26,1129,134,16,8,57,6544.96,11.93
CR0005,2026-04-27,692,24,1,1,19,3612.5,3.54
CR0005,2026-04-28,601,53,6,3,12,871.79,8.94
CR0005,2026-04-29,1001,64,9,3,83,8900.85,6.48
CR0005,2026-04-30,863,32,2,2,51,1384.93,3.79
CR0005,2026-05-01,1024,58,5,3,13,1091.58,5.74
CR0005,2026-05-02,938,112,16,4,10,896.91,11.96
CR0005,2026-05-03,1386,165,23,12,30,2721.37,11.91
CR0005,2026-05-04,643,61,6,3,54,5136.48,9.57
CR0005,2026-05-05,859,58,4,3,22,3023.79,6.84
CR0005,2026-05-06,865,79,5,2,70,12860.49,9.16
CR0005,2026-05-07,792,88,11,5,25,805.16,11.18
CR0005,2026-05-08,844,79,5,5,9,696.27,9.47
CR0005,2026-05-09,1385,161,12,10,106,16207.52,11.65
CR0005,2026-05-10,855,40,2,0,75,9675.66,4.69
CR0005,2026-05-11,889,74,5,1,17,750.31,8.37
CR0005,2026-05-12,1008,72,8,2,36,1781.34,7.22
CR0005,2026-05-13,699,46,6,3,38,5351.96,6.68
CR0005,2026-05-14,688,33,2,2,31,4458.27,4.84
CR0005,2026-05-15,1024,112,10,7,71,10624.17,10.99
CR0005,2026-05-16,1024,117,12,6,67,1804.45,11.45
CR0005,2026-05-17,838,59,8,4,23,4533.06,7.11
CR0005,2026-05-18,611,39,4,3,13,2329.49,6.49
CR0005,2026-05-19,984,54,3,2,87,15891.56,5.57
CR0005,2026-05-20,829,73,4,3,20,3619.58,8.81
CR0005,2026-05-21,872,57,4,1,50,9062.15,6.54
CR0005,2026-05-22,1046,39,3,2,41,6231.48,3.81
CR0005,2026-05-23,836,78,8,1,61,11927.6,9.36
CR0005,2026-05-24,1184,52,5,1,21,3713.53,4.44
CR0005,2026-05-25,1041,46,2,3,11,1665.72,4.46
CR0005,2026-05-26,1094,61,4,4,42,6626.39,5.6
CR0005,2026-05-27,607,45,4,3,31,1830.16,7.48
CR0006,2026-02-27,4578,324,30,18,66,4623.98,7.08
CR0006,2026-02-28,5865,608,43,18,68,3139.38,10.38
CR0006,2026-03-01,3925,321,35,12,38,7557.15,8.2
CR0006,2026-03-02,3352,186,21,11,178,34520.04,5.56
CR0006,2026-03-03,4846,302,16,19,220,36882.48,6.24
CR0006,2026-03-04,4880,516,29,24,123,9748.68,10.59
CR0006,2026-03-05,4015,196,13,4,296,34102.28,4.89
CR0006,2026-03-06,3194,303,33,20,176,30378.24,9.52
CR0006,2026-03-07,4731,386,43,29,249,37662.06,8.18
CR0006,2026-03-08,5533,568,78,19,116,4788.16,10.27
CR0006,2026-03-09,4181,425,52,13,202,5694.1,10.17
CR0006,2026-03-10,3894,399,28,23,171,5507.99,10.25
CR0006,2026-03-11,3776,300,38,8,112,13709.46,7.95
CR0006,2026-03-12,5486,575,39,40,400,42164.03,10.49
CR0006,2026-03-13,3108,131,8,6,306,31592.85,4.22
CR0006,2026-03-14,6671,757,42,38,389,46653.51,11.35
CR0006,2026-03-15,4001,327,27,24,148,6937.48,8.2
CR0006,2026-03-16,5223,316,27,16,124,6662.3,6.05
CR0006,2026-03-17,3347,336,27,24,154,5486.03,10.04
CR0006,2026-03-18,5340,338,44,12,168,14676.28,6.34
CR0006,2026-03-19,3153,151,8,7,292,13938.33,4.82
CR0006,2026-03-20,3954,290,39,11,165,6218.07,7.35
CR0006,2026-03-21,7347,561,83,18,81,14228.93,7.65
CR0006,2026-03-22,4394,254,13,18,260,46813.9,5.8
CR0006,2026-03-23,3353,331,41,7,240,13865.33,9.9
CR0006,2026-03-24,3618,201,20,13,159,7687.54,5.58
CR0006,2026-03-25,3397,394,41,10,171,11762.98,11.62
CR0006,2026-03-26,5607,573,61,17,248,29091.36,10.24
CR0006,2026-03-27,3242,105,14,2,70,6338.15,3.26
CR0006,2026-03-28,6492,715,80,43,228,18198.91,11.02
CR0006,2026-03-29,4745,466,61,11,447,54624.33,9.83
CR0006,2026-03-30,3375,344,41,8,122,19272.2,10.22
CR0006,2026-03-31,4397,506,32,37,106,5618.38,11.53
CR0006,2026-04-01,5608,334,45,13,139,5604.43,5.97
CR0006,2026-04-02,4437,470,36,19,224,20837.26,10.61
CR0006,2026-04-03,5083,201,21,4,152,19197.06,3.96
CR0006,2026-04-04,4946,256,16,12,51,7391.47,5.19
CR0006,2026-04-05,5636,666,71,26,222,31197.42,11.82
CR0006,2026-04-06,5182,487,65,13,221,8304.67,9.41
CR0006,2026-04-07,4391,253,22,14,279,46753.66,5.77
CR0006,2026-04-08,4079,359,20,11,86,13407.22,8.8
CR0006,2026-04-09,5407,530,61,25,183,18389.44,9.81
CR0006,2026-04-10,3762,409,32,27,307,57900.74,10.9
CR0006,2026-04-11,6729,756,112,41,359,61954.29,11.24
CR0006,2026-04-12,7225,257,36,20,77,15104.73,3.56
CR0006,2026-04-13,3520,195,10,8,203,30068.21,5.54
CR0006,2026-04-14,4346,300,21,9,90,15461.91,6.92
CR0006,2026-04-15,4228,285,22,20,40,5468.4,6.76
CR0006,2026-04-16,3636,398,46,31,45,7428.13,10.96
CR0006,2026-04-17,5635,622,74,47,288,27746.62,11.04
CR0006,2026-04-18,7195,464,33,21,75,11367.33,6.46
CR0006,2026-04-19,6818,369,52,20,45,4814.47,5.42
CR0006,2026-04-20,4294,353,51,8,269,46989.76,8.22
CR0006,2026-04-21,5373,296,30,15,211,28172.58,5.51
CR0006,2026-04-22,5140,463,54,24,289,52784.51,9.02
CR0006,2026-04-23,4788,148,14,11,199,16621.4,3.1
CR0006,2026-04-24,6046,341,22,21,251,40487.27,5.65
CR0006,2026-04-25,5241,454,48,24,232,35432.99,8.66
CR0006,2026-04-26,4393,323,20,7,214,28000.53,7.36
CR0006,2026-04-27,4089,217,26,12,373,51715.71,5.31
CR0006,2026-04-28,4366,199,25,6,101,2621.59,4.58
CR0006,2026-04-29,6123,716,78,49,526,49617.9,11.71
CR0006,2026-04-30,4421,395,48,11,299,8903.81,8.95
CR0006,2026-05-01,4090,424,23,20,173,32988.56,10.38
CR0006,2026-05-02,7778,396,46,17,227,22303.24,5.1
CR0006,2026-05-03,5429,552,48,21,372,13959.51,10.18
CR0006,2026-05-04,4881,301,40,17,209,14349.67,6.18
CR0006,2026-05-05,5672,300,32,14,240,33825.64,5.3
CR0006,2026-05-06,5591,429,50,34,91,1958.84,7.68
CR0006,2026-05-07,3570,239,24,14,151,9866.54,6.7
CR0006,2026-05-08,3478,298,16,16,180,23020.07,8.57
CR0006,2026-05-09,4862,564,33,31,223,30466.94,11.62
CR0006,2026-05-10,7448,347,21,10,264,8877.94,4.66
CR0006,2026-05-11,4721,564,71,34,340,22549.0,11.96
CR0006,2026-05-12,5685,312,17,13,343,57042.33,5.5
CR0006,2026-05-13,3933,142,21,4,168,6638.94,3.62
CR0006,2026-05-14,5003,344,38,9,155,4072.62,6.88
CR0006,2026-05-15,3632,346,44,7,187,3769.2,9.55
CR0006,2026-05-16,4606,300,19,11,86,12673.74,6.51
CR0006,2026-05-17,7424,542,48,34,282,17103.99,7.3
CR0006,2026-05-18,4580,421,53,11,324,25926.2,9.2
CR0006,2026-05-19,4347,152,22,8,209,16973.16,3.5
CR0006,2026-05-20,5951,585,46,18,426,59185.09,9.84
CR0006,2026-05-21,4352,283,17,17,265,26191.82,6.51
CR0006,2026-05-22,4035,134,7,10,95,15455.84,3.32
CR0006,2026-05-23,7014,525,76,36,281,22781.04,7.5
CR0006,2026-05-24,5840,554,50,18,333,63008.98,9.49
CR0006,2026-05-25,6094,477,59,16,113,12204.12,7.83
CR0006,2026-05-26,3554,396,44,13,101,13521.79,11.16
CR0006,2026-05-27,6220,646,38,36,240,40114.72,10.39
CR0007,2026-02-27,3044,254,28,6,61,10398.14,8.35
CR0007,2026-02-28,5898,390,24,23,233,45119.2,6.62
CR0007,2026-03-01,4283,146,9,3,157,7889.12,3.41
CR0007,2026-03-02,3677,164,12,9,91,12175.35,4.49
CR0007,2026-03-03,3700,163,22,4,55,8096.74,4.42
CR0007,2026-03-04,4231,234,27,15,114,5216.16,5.55
CR0007,2026-03-05,3463,244,18,7,221,32950.17,7.05
CR0007,2026-03-06,4294,162,21,6,178,9708.57,3.79
CR0007,2026-03-07,6772,798,89,57,539,55818.24,11.79
CR0007,2026-03-08,5652,275,15,7,155,28530.41,4.87
CR0007,2026-03-09,4044,179,25,4,101,6590.12,4.44
CR0007,2026-03-10,4343,478,45,12,61,2955.34,11.01
CR0007,2026-03-11,2918,222,12,7,129,12310.72,7.63
CR0007,2026-03-12,4680,518,37,13,89,8389.78,11.09
CR0007,2026-03-13,3349,369,21,20,43,2533.12,11.02
CR0007,2026-03-14,5671,261,22,12,114,7814.13,4.6
CR0007,2026-03-15,4808,158,16,5,82,7812.98,3.29
CR0007,2026-03-16,4753,236,18,6,453,82900.84,4.98
CR0007,2026-03-17,4313,343,25,15,273,16095.99,7.97
CR0007,2026-03-18,4063,291,14,13,215,21105.43,7.16
CR0007,2026-03-19,3448,391,56,29,230,6430.88,11.35
CR0007,2026-03-20,5369,515,51,23,264,38384.97,9.6
CR0007,2026-03-21,4099,305,17,19,217,12855.33,7.46
CR0007,2026-03-22,4953,255,38,5,186,19096.79,5.15
CR0007,2026-03-23,4349,358,52,17,103,5488.89,8.25
CR0007,2026-03-24,5114,441,53,8,243,35073.43,8.64
CR0007,2026-03-25,4268,241,30,14,242,13863.3,5.67
CR0007,2026-03-26,4665,400,33,30,302,25826.52,8.58
CR0007,2026-03-27,3076,198,19,4,125,18359.66,6.45
CR0007,2026-03-28,5682,566,36,22,311,47498.54,9.96
CR0007,2026-03-29,6325,685,82,44,328,59573.97,10.84
CR0007,2026-03-30,4243,288,15,12,177,29969.78,6.81
CR0007,2026-03-31,4167,324,42,23,150,21179.27,7.79
CR0007,2026-04-01,4745,560,77,17,200,18064.57,11.8
CR0007,2026-04-02,3440,399,23,11,39,1836.5,11.62
CR0007,2026-04-03,3512,406,21,18,290,30537.84,11.57
CR0007,2026-04-04,5296,510,26,15,79,13452.95,9.64
CR0007,2026-04-05,5639,339,36,20,361,50487.28,6.02
CR0007,2026-04-06,4374,347,33,18,257,41651.52,7.94
CR0007,2026-04-07,3599,228,17,16,57,10950.75,6.35
CR0007,2026-04-08,4621,205,21,6,124,22673.15,4.45
CR0007,2026-04-09,5086,226,13,17,240,20769.84,4.45
CR0007,2026-04-10,3565,333,38,26,68,13299.7,9.36
CR0007,2026-04-11,5756,235,12,17,531,99300.2,4.09
CR0007,2026-04-12,4487,526,55,26,197,35711.36,11.73
CR0007,2026-04-13,5586,546,81,32,452,84077.69,9.79
CR0007,2026-04-14,3944,158,15,3,139,3400.39,4.01
CR0007,2026-04-15,4684,233,19,9,171,19623.63,4.98
CR0007,2026-04-16,5124,507,35,12,418,80411.61,9.9
CR0007,2026-04-17,5647,369,36,20,143,20022.57,6.55
CR0007,2026-04-18,5371,507,47,21,49,3697.31,9.44
CR0007,2026-04-19,5547,446,31,32,314,31290.35,8.05
CR0007,2026-04-20,3528,336,46,21,183,23356.0,9.55
CR0007,2026-04-21,3481,199,29,10,167,21095.81,5.73
CR0007,2026-04-22,4106,125,14,4,87,10633.57,3.06
CR0007,2026-04-23,5553,266,35,9,325,24166.58,4.79
CR0007,2026-04-24,4682,348,43,11,200,14806.1,7.45
CR0007,2026-04-25,6292,549,34,32,128,23452.52,8.73
CR0007,2026-04-26,6319,205,25,10,541,46048.14,3.26
CR0007,2026-04-27,4428,306,23,18,456,39752.44,6.92
CR0007,2026-04-28,5117,161,12,8,99,14334.3,3.16
CR0007,2026-04-29,4114,143,12,8,173,12542.42,3.48
CR0007,2026-04-30,4883,180,12,10,340,17028.72,3.69
CR0007,2026-05-01,4035,235,31,15,140,11935.57,5.85
CR0007,2026-05-02,6004,370,23,10,228,21468.25,6.16
CR0007,2026-05-03,7383,329,23,16,652,78603.78,4.47
CR0007,2026-05-04,5060,585,78,36,389,37002.58,11.57
CR0007,2026-05-05,5688,230,14,4,232,10445.22,4.05
CR0007,2026-05-06,4401,523,53,40,78,12012.22,11.89
CR0007,2026-05-07,3523,146,17,8,78,15334.78,4.16
CR0007,2026-05-08,4371,431,26,9,178,9851.09,9.87
CR0007,2026-05-09,4291,383,41,18,171,12704.66,8.94
CR0007,2026-05-10,4219,163,10,9,151,21246.93,3.87
CR0007,2026-05-11,3304,142,17,5,142,24697.33,4.31
CR0007,2026-05-12,5390,459,46,11,458,52757.47,8.52
CR0007,2026-05-13,5220,609,40,39,65,12113.52,11.68
CR0007,2026-05-14,5799,618,60,38,156,6133.67,10.66
CR0007,2026-05-15,5571,659,60,33,270,20674.02,11.83
CR0007,2026-05-16,5919,454,45,18,218,7587.41,7.68
CR0007,2026-05-17,6031,389,37,24,469,28448.23,6.46
CR0007,2026-05-18,4406,522,48,37,416,78638.46,11.86
CR0007,2026-05-19,4303,134,15,8,166,23534.38,3.12
CR0007,2026-05-20,3613,236,28,18,311,15665.13,6.55
CR0007,2026-05-21,4309,206,14,14,120,11573.61,4.79
CR0007,2026-05-22,4699,464,58,25,384,72875.72,9.88
CR0007,2026-05-23,5594,503,72,39,165,16802.65,9.0
CR0007,2026-05-24,4744,351,25,26,70,11861.94,7.4
CR0007,2026-05-25,4722,153,10,8,124,16390.55,3.24
CR0007,2026-05-26,5476,490,49,24,185,20280.04,8.95
CR0007,2026-05-27,4759,375,49,19,67,13287.98,7.88
CR0008,2026-02-27,462336,18827,1788,1339,10154,526347.32,4.07
CR0008,2026-02-28,537415,53819,7452,1606,17529,1578214.55,10.01
CR0008,2026-03-01,569459,46238,4580,2461,26375,3196807.56,8.12
CR0008,2026-03-02,300830,10533,804,584,12899,2037587.16,3.5
CR0008,2026-03-03,330693,11748,1281,325,15438,1931510.8,3.55
CR0008,2026-03-04,441223,38061,3351,1738,31962,964001.55,8.63
CR0008,2026-03-05,322946,16507,1340,414,25711,1043990.87,5.11
CR0008,2026-03-06,306576,24053,1292,1430,12311,1179530.12,7.85
CR0008,2026-03-07,354777,25640,1339,999,14566,547544.99,7.23
CR0008,2026-03-08,495715,45693,3225,2275,38657,1932575.51,9.22
CR0008,2026-03-09,338546,39694,2785,2307,15228,2635360.32,11.72
CR0008,2026-03-10,319511,17210,1372,936,23830,4585592.4,5.39
CR0008,2026-03-11,436998,35850,3914,1305,22370,2167184.58,8.2
CR0008,2026-03-12,351862,12983,1718,652,12688,969408.04,3.69
CR0008,2026-03-13,368227,19373,1967,1168,24574,3268634.64,5.26
CR0008,2026-03-14,510650,23892,2387,1425,49697,3390750.36,4.68
CR0008,2026-03-15,548756,56414,7631,4197,50769,1562603.77,10.28
CR0008,2026-03-16,320521,22956,1699,1487,27394,2570840.53,7.16
CR0008,2026-03-17,476145,53329,6047,3773,10749,525681.73,11.2
CR0008,2026-03-18,436356,22363,1651,648,6757,512838.07,5.13
CR0008,2026-03-19,389755,46465,4284,3454,7270,183535.05,11.92
CR0008,2026-03-20,462525,25438,2672,1492,7325,1177875.19,5.5
CR0008,2026-03-21,376379,41659,3390,1577,7914,1435751.42,11.07
CR0008,2026-03-22,567415,62253,5583,4381,28814,3537644.85,10.97
CR0008,2026-03-23,396609,16204,1886,888,26129,2857498.75,4.09
CR0008,2026-03-24,299689,25169,3204,976,25311,4177618.25,8.4
CR0008,2026-03-25,456513,52131,3743,1376,8835,826139.65,11.42
CR0008,2026-03-26,485951,17024,1759,1055,9100,959811.06,3.5
CR0008,2026-03-27,339035,18645,2394,535,12728,960593.0,5.5
CR0008,2026-03-28,566400,63136,3376,4063,20711,3834482.42,11.15
CR0008,2026-03-29,575790,30383,2687,1772,47702,6837828.92,5.28
CR0008,2026-03-30,410835,21065,1985,431,45306,8391885.62,5.13
CR0008,2026-03-31,355069,40573,5098,1535,16447,1628125.58,11.43
CR0008,2026-04-01,359756,37091,4244,2498,6090,976240.41,10.31
CR0008,2026-04-02,402898,38809,5536,1550,22612,860866.02,9.63
CR0008,2026-04-03,323063,17279,978,781,20663,1628622.57,5.35
CR0008,2026-04-04,590475,58207,6643,1805,27651,568328.83,9.86
CR0008,2026-04-05,434340,24974,2686,665,14480,2290291.82,5.75
CR0008,2026-04-06,444805,18552,2029,827,32063,5682559.22,4.17
CR0008,2026-04-07,319140,14556,1591,577,5544,477714.96,4.56
CR0008,2026-04-08,383739,24543,3275,1330,2298,276990.34,6.4
CR0008,2026-04-09,438377,22174,1305,1058,16785,486109.27,5.06
CR0008,2026-04-10,440752,37038,2404,2869,10305,232281.74,8.4
CR0008,2026-04-11,544491,54232,7745,3776,17589,994942.28,9.96
CR0008,2026-04-12,681056,70289,5385,4553,23306,1332848.5,10.32
CR0008,2026-04-13,343445,35775,4388,1121,10043,252874.31,10.42
CR0008,2026-04-14,533499,27311,2597,953,31094,1101752.5,5.12
CR0008,2026-04-15,408029,44242,6523,1940,8960,861883.65,10.84
CR0008,2026-04-16,440925,16126,1704,372,32182,2696024.62,3.66
CR0008,2026-04-17,444110,40134,5226,2511,14967,1658606.41,9.04
CR0008,2026-04-18,504945,59571,6977,1664,19797,1035125.74,11.8
CR0008,2026-04-19,436950,32489,2726,1562,8606,842762.68,7.44
CR0008,2026-04-20,359601,20926,3093,1045,21944,1863190.38,5.82
CR0008,2026-04-21,403159,44851,3423,3129,30696,3021700.93,11.13
CR0008,2026-04-22,336893,32448,3216,2498,23438,3154693.74,9.63
CR0008,2026-04-23,407273,19142,1061,593,11598,1207165.2,4.7
CR0008,2026-04-24,325794,36021,3583,1674,27379,2803520.53,11.06
CR0008,2026-04-25,423201,40110,2599,1643,8050,1370847.85,9.48
CR0008,2026-04-26,635346,66095,7027,3951,23667,490915.84,10.4
CR0008,2026-04-27,494010,22848,3245,794,13172,1042674.44,4.63
CR0008,2026-04-28,371444,43949,2733,1864,16893,1321655.95,11.83
CR0008,2026-04-29,306659,21901,2644,1068,12736,1763186.29,7.14
CR0008,2026-04-30,384503,13052,1464,615,44012,8064675.52,3.39
CR0008,2026-05-01,505666,21055,2870,1433,19566,3010894.32,4.16
CR0008,2026-05-02,574835,48404,2868,1709,19582,1797727.6,8.42
CR0008,2026-05-03,398968,19445,1727,858,32090,1532112.63,4.87
CR0008,2026-05-04,379508,38747,4788,2917,30681,2596470.64,10.21
CR0008,2026-05-05,327709,20668,1446,965,9359,1198526.03,6.31
CR0008,2026-05-06,326812,22232,1930,693,10492,1179316.15,6.8
CR0008,2026-05-07,557493,50664,5814,3182,43036,5874438.55,9.09
CR0008,2026-05-08,326441,23549,1363,1603,15032,2152229.28,7.21
CR0008,2026-05-09,498775,26125,2423,1413,34334,3859643.33,5.24
CR0008,2026-05-10,571348,38378,3702,2426,32697,4100276.36,6.72
CR0008,2026-05-11,508071,15986,1983,763,44371,1248891.41,3.15
CR0008,2026-05-12,416352,38884,3164,2467,24923,4122516.73,9.34
CR0008,2026-05-13,397404,44759,5863,1462,9115,607762.51,11.26
CR0008,2026-05-14,485839,33543,1737,1465,6138,631166.51,6.9
CR0008,2026-05-15,415784,37085,4614,2356,17032,2231431.62,8.92
CR0008,2026-05-16,639937,74669,8774,5098,6557,356336.07,11.67
CR0008,2026-05-17,684405,63405,4363,1370,19285,1224991.67,9.26
CR0008,2026-05-18,534409,57308,5951,1442,22127,2122825.89,10.72
CR0008,2026-05-19,342007,38037,4711,1776,7811,788230.9,11.12
CR0008,2026-05-20,376344,21276,2828,925,7568,1306034.85,5.65
CR0008,2026-05-21,427660,28829,2870,1577,39217,1045646.74,6.74
CR0008,2026-05-22,419856,31993,3917,2435,42121,2600678.65,7.62
CR0008,2026-05-23,428493,13588,1462,722,14145,2546740.87,3.17
CR0008,2026-05-24,448964,38630,4427,1811,12035,1813886.85,8.6
CR0008,2026-05-25,440965,30616,3084,1691,36329,6307502.1,6.94
CR0008,2026-05-26,508208,36673,5072,2324,17392,3294313.65,7.22
CR0008,2026-05-27,492189,30723,2987,2404,7428,1072050.25,6.24
CR0009,2026-02-27,21443,1575,106,46,1232,233771.81,7.35
CR0009,2026-02-28,37026,1892,199,151,989,140286.7,5.11
CR0009,2026-03-01,29978,3218,322,220,619,37637.83,10.74
CR0009,2026-03-02,29784,2197,328,147,2415,290437.62,7.38
CR0009,2026-03-03,35623,3804,522,214,339,64521.26,10.68
CR0009,2026-03-04,34017,3967,498,311,2442,426152.77,11.66
CR0009,2026-03-05,22001,1773,178,53,283,24081.86,8.06
CR0009,2026-03-06,32938,3087,389,154,1528,130602.2,9.37
CR0009,2026-03-07,44970,1846,129,144,1454,247567.36,4.11
CR0009,2026-03-08,37227,2077,139,74,2045,272597.01,5.58
CR0009,2026-03-09,24706,2415,248,162,451,83544.87,9.78
CR0009,2026-03-10,36202,4187,425,255,2595,411637.93,11.57
CR0009,2026-03-11,33110,2534,144,102,1605,157503.48,7.66
CR0009,2026-03-12,27470,915,130,26,2038,400280.47,3.33
CR0009,2026-03-13,34691,3775,555,170,2999,531537.8,10.88
CR0009,2026-03-14,43413,2528,213,175,3519,163405.21,5.82
CR0009,2026-03-15,36188,3182,441,182,1816,149175.52,8.79
CR0009,2026-03-16,35142,3106,396,226,579,52225.13,8.84
CR0009,2026-03-17,33563,3664,373,192,847,64546.0,10.92
CR0009,2026-03-18,26888,2344,122,172,975,165556.19,8.72
CR0009,2026-03-19,26289,1788,179,114,1376,153217.45,6.8
CR0009,2026-03-20,23118,2267,326,106,584,47313.61,9.81
CR0009,2026-03-21,32737,3179,343,199,2885,496246.65,9.71
CR0009,2026-03-22,32754,1864,217,128,1050,92378.82,5.69
CR0009,2026-03-23,34329,1354,137,42,2113,98000.06,3.95
CR0009,2026-03-24,28768,1929,114,87,392,13348.81,6.71
CR0009,2026-03-25,33375,2211,234,147,2570,345826.93,6.62
CR0009,2026-03-26,39245,3610,522,230,1019,113151.25,9.2
CR0009,2026-03-27,30023,2137,313,108,1686,171934.62,7.12
CR0009,2026-03-28,28403,1253,132,94,703,28021.94,4.41
CR0009,2026-03-29,36460,2044,209,55,999,72843.72,5.61
CR0009,2026-03-30,21855,936,120,42,1329,94394.64,4.29
CR0009,2026-03-31,24744,2389,119,126,198,21109.13,9.66
CR0009,2026-04-01,27121,1917,160,81,2474,108622.77,7.07
CR0009,2026-04-02,24026,2097,264,125,602,21718.17,8.73
CR0009,2026-04-03,33046,2846,252,210,608,85533.37,8.61
CR0009,2026-04-04,38683,2126,125,63,513,81509.1,5.5
CR0009,2026-04-05,35530,3128,357,78,2845,444874.73,8.81
CR0009,2026-04-06,39422,3033,379,152,516,59719.1,7.7
CR0009,2026-04-07,39597,2167,152,151,2937,103489.98,5.47
CR0009,2026-04-08,31686,1864,202,92,2005,105245.34,5.88
CR0009,2026-04-09,22236,1723,151,43,1820,129881.22,7.75
CR0009,2026-04-10,25250,2503,163,193,811,156524.78,9.91
CR0009,2026-04-11,32862,3095,246,80,914,60715.35,9.42
CR0009,2026-04-12,51495,5713,315,196,1964,219087.79,11.1
CR0009,2026-04-13,31461,3631,279,141,866,21825.94,11.54
CR0009,2026-04-14,33961,3811,197,202,1042,163944.21,11.22
CR0009,2026-04-15,34370,1419,151,66,2380,382986.47,4.13
CR0009,2026-04-16,24794,1949,130,67,2778,333158.33,7.86
CR0009,2026-04-17,22935,2365,345,135,852,26268.44,10.31
CR0009,2026-04-18,51632,2818,211,171,5541,323016.72,5.46
CR0009,2026-04-19,49726,2750,181,143,436,63532.73,5.53
CR0009,2026-04-20,38132,3632,544,264,948,155822.93,9.53
CR0009,2026-04-21,39230,4514,512,355,1805,251273.81,11.51
CR0009,2026-04-22,28530,1396,203,55,1337,248690.56,4.9
CR0009,2026-04-23,34102,1036,52,31,1995,215491.54,3.04
CR0009,2026-04-24,30012,1119,154,66,1993,332612.14,3.73
CR0009,2026-04-25,40406,1660,244,70,1866,319172.29,4.11
CR0009,2026-04-26,49697,5891,368,248,595,91490.77,11.85
CR0009,2026-04-27,37269,3400,411,107,2815,465923.62,9.12
CR0009,2026-04-28,26920,3182,466,70,1442,186140.36,11.82
CR0009,2026-04-29,22813,2705,307,72,671,34010.22,11.86
CR0009,2026-04-30,26492,2556,299,143,642,99044.69,9.65
CR0009,2026-05-01,25250,2879,390,209,1193,205888.05,11.4
CR0009,2026-05-02,30238,3546,417,201,2410,49048.06,11.73
CR0009,2026-05-03,40584,3676,422,261,1779,165869.8,9.06
CR0009,2026-05-04,25285,1938,192,98,402,11438.36,7.66
CR0009,2026-05-05,41000,3194,260,138,1891,312735.71,7.79
CR0009,2026-05-06,42495,2137,254,165,2197,174135.17,5.03
CR0009,2026-05-07,24270,2093,110,96,367,69110.12,8.63
CR0009,2026-05-08,39697,2073,201,160,3582,406705.68,5.22
CR0009,2026-05-09,36153,1321,145,61,571,24249.65,3.66
CR0009,2026-05-10,55264,6217,545,456,4149,129284.51,11.25
CR0009,2026-05-11,39168,1368,151,62,372,10935.52,3.49
CR0009,2026-05-12,40191,2658,296,118,3649,482841.04,6.62
CR0009,2026-05-13,32350,2322,215,132,636,90082.85,7.18
CR0009,2026-05-14,23860,1826,198,48,314,39789.94,7.65
CR0009,2026-05-15,40237,4482,280,226,1377,181424.1,11.14
CR0009,2026-05-16,35312,1496,81,41,1821,250035.86,4.24
CR0009,2026-05-17,39873,3290,342,94,1885,136458.0,8.25
CR0009,2026-05-18,43077,3299,381,94,1512,182499.89,7.66
CR0009,2026-05-19,24665,1503,221,87,337,18226.31,6.09
CR0009,2026-05-20,33232,3066,296,188,2467,198393.39,9.23
CR0009,2026-05-21,29725,1770,107,128,2182,404960.97,5.96
CR0009,2026-05-22,36669,3387,327,111,2030,338274.09,9.24
CR0009,2026-05-23,52216,3333,300,231,278,23468.65,6.38
CR0009,2026-05-24,45620,1953,183,113,2898,566720.33,4.28
CR0009,2026-05-25,27895,1550,111,55,834,53604.15,5.56
CR0009,2026-05-26,27883,1278,97,33,1211,166968.39,4.58
CR0009,2026-05-27,42060,2542,180,120,1316,66911.71,6.05
CR0010,2026-02-27,173188,17649,1982,812,6401,1145075.93,10.19
CR0010,2026-02-28,172866,8136,840,501,5183,697143.2,4.71
CR0010,2026-03-01,278768,27508,2991,1960,5531,356699.15,9.87
CR0010,2026-03-02,184898,10207,639,515,9305,1404252.33,5.52
CR0010,2026-03-03,201318,20371,2271,612,10344,1605435.64,10.12
CR0010,2026-03-04,159328,12220,829,766,7329,1407427.01,7.67
CR0010,2026-03-05,169988,13991,1592,943,6669,1207617.4,8.23
CR0010,2026-03-06,168109,8589,617,390,4021,690155.14,5.11
CR0010,2026-03-07,192291,7235,905,272,6503,178219.44,3.76
CR0010,2026-03-08,227659,13721,1305,630,8113,560961.25,6.03
CR0010,2026-03-09,124539,8686,665,213,7233,797927.82,6.98
CR0010,2026-03-10,179488,6647,516,223,2825,334154.25,3.7
CR0010,2026-03-11,157526,14297,1072,925,13520,734347.43,9.08
CR0010,2026-03-12,186304,7900,1070,497,6809,1080000.66,4.24
CR0010,2026-03-13,152734,9346,1398,717,12973,287226.5,6.12
CR0010,2026-03-14,250118,29772,4321,2141,7934,458406.71,11.9
CR0010,2026-03-15,192786,15968,1680,768,10859,385034.67,8.28
CR0010,2026-03-16,213571,14649,2112,660,11762,298975.14,6.86
CR0010,2026-03-17,138854,15084,1215,969,7238,606828.42,10.86
CR0010,2026-03-18,148374,10136,1269,666,6921,869636.91,6.83
CR0010,2026-03-19,185227,6093,389,479,15749,2580414.43,3.29
CR0010,2026-03-20,222673,18181,1619,779,9591,858951.65,8.16
CR0010,2026-03-21,228880,13640,1994,795,4813,680940.34,5.96
CR0010,2026-03-22,187844,19607,2163,423,6344,567540.21,10.44
CR0010,2026-03-23,147845,8308,851,392,2705,213205.32,5.62
CR0010,2026-03-24,224139,14613,2176,405,10947,985434.95,6.52
CR0010,2026-03-25,223938,10879,1490,419,17542,852201.32,4.86
CR0010,2026-03-26,188800,10936,768,689,5581,1107244.28,5.79
CR0010,2026-03-27,175144,18252,2016,635,6184,670175.87,10.42
CR0010,2026-03-28,230565,7727,456,454,14510,2491005.78,3.35
CR0010,2026-03-29,277791,18111,2396,1285,7372,967151.65,6.52
CR0010,2026-03-30,174751,11292,1308,699,3495,97369.31,6.46
CR0010,2026-03-31,224784,9938,1373,519,7218,1088306.91,4.42
CR0010,2026-04-01,227082,25384,2313,1668,3646,568671.86,11.18
CR0010,2026-04-02,183795,18408,1675,550,2454,60881.82,10.02
CR0010,2026-04-03,198996,18070,1738,733,5244,140536.26,9.08
CR0010,2026-04-04,203484,19090,1215,1149,8313,289780.82,9.38
CR0010,2026-04-05,262373,24721,2318,1192,5125,876012.42,9.42
CR0010,2026-04-06,196691,9038,564,582,5020,110529.91,4.6
CR0010,2026-04-07,160009,11146,755,700,11973,1192157.19,6.97
CR0010,2026-04-08,135227,11782,1205,704,4581,660866.09,8.71
CR0010,2026-04-09,179713,15066,826,642,3249,596438.91,8.38
CR0010,2026-04-10,152799,4804,253,100,12158,381407.01,3.14
CR0010,2026-04-11,309550,11977,1599,716,10218,1146970.69,3.87
CR0010,2026-04-12,289291,17080,1924,981,19524,1894188.28,5.9
CR0010,2026-04-13,157377,6221,512,130,4494,261992.24,3.95
CR0010,2026-04-14,156308,13945,1085,800,2831,266106.73,8.92
CR0010,2026-04-15,218452,16375,2440,1027,20315,2487712.15,7.5
CR0010,2026-04-16,160542,6185,509,357,8507,1351363.78,3.85
CR0010,2026-04-17,147369,6746,851,413,13486,433607.63,4.58
CR0010,2026-04-18,174935,19608,1860,993,10870,1596077.36,11.21
CR0010,2026-04-19,174640,5572,701,152,4304,274759.75,3.19
CR0010,2026-04-20,142147,6024,601,193,5893,370383.97,4.24
CR0010,2026-04-21,216262,25728,2428,1868,3429,554314.17,11.9
CR0010,2026-04-22,138157,13989,1279,961,6298,956774.29,10.13
CR0010,2026-04-23,173217,8405,465,630,17851,2594286.7,4.85
CR0010,2026-04-24,159729,17337,1770,537,4877,529133.1,10.85
CR0010,2026-04-25,317579,11016,1643,840,4019,477426.97,3.47
CR0010,2026-04-26,294429,14248,1435,649,8348,463785.89,4.84
CR0010,2026-04-27,183992,15552,1248,848,10032,1757973.52,8.45
CR0010,2026-04-28,190977,22075,1897,941,7568,981501.18,11.56
CR0010,2026-04-29,185808,8180,1189,400,10913,381757.63,4.4
CR0010,2026-04-30,241208,13753,1426,731,4735,355373.64,5.7
CR0010,2026-05-01,169024,13622,1336,544,7060,1305420.47,8.06
CR0010,2026-05-02,177788,19120,2352,811,6239,567979.51,10.75
CR0010,2026-05-03,290417,18750,1514,1485,6027,1197233.68,6.46
CR0010,2026-05-04,151398,17242,1142,1134,14819,2301152.6,11.39
CR0010,2026-05-05,178020,16702,1895,703,2212,213075.9,9.38
CR0010,2026-05-06,166383,12145,1726,506,5226,730707.76,7.3
CR0010,2026-05-07,155039,13099,1891,377,4567,636040.79,8.45
CR0010,2026-05-08,156938,6356,376,398,6985,1364493.25,4.05
CR0010,2026-05-09,191933,21476,2955,643,9122,1004482.06,11.19
CR0010,2026-05-10,262135,28782,3125,1843,23399,4129811.95,10.98
CR0010,2026-05-11,151645,12364,1604,851,3102,479855.34,8.15
CR0010,2026-05-12,222159,6793,454,336,4748,452062.44,3.06
CR0010,2026-05-13,188919,10570,984,323,2762,297094.05,5.6
CR0010,2026-05-14,199532,7965,849,260,6001,994078.57,3.99
CR0010,2026-05-15,162698,19274,2643,895,7325,985637.75,11.85
CR0010,2026-05-16,194428,7332,458,174,1725,185152.85,3.77
CR0010,2026-05-17,301178,9293,711,718,21966,604826.82,3.09
CR0010,2026-05-18,165935,16802,1471,860,9828,1056182.8,10.13
CR0010,2026-05-19,232114,19588,1638,1193,6436,406288.37,8.44
CR0010,2026-05-20,184713,12165,1351,955,17159,352707.35,6.59
CR0010,2026-05-21,246751,16325,2180,1232,1813,209425.58,6.62
CR0010,2026-05-22,256985,25089,1878,1182,20429,2302032.07,9.76
CR0010,2026-05-23,288740,8743,995,668,10656,1888437.23,3.03
CR0010,2026-05-24,338267,32549,3834,1107,18409,2999062.99,9.62
CR0010,2026-05-25,184877,21171,3051,1028,12437,473626.21,11.45
CR0010,2026-05-26,189687,16056,1945,1159,17386,2590510.75,8.46
CR0010,2026-05-27,146788,10981,644,768,17408,1810859.33,7.48
CR0011,2026-02-27,3590,416,40,21,65,12347.26,11.6
CR0011,2026-02-28,4233,167,24,3,262,23325.38,3.95
CR0011,2026-03-01,3288,311,36,23,218,40568.17,9.47
CR0011,2026-03-02,3154,234,30,9,87,16207.45,7.43
CR0011,2026-03-03,2162,131,18,8,151,24358.53,6.09
CR0011,2026-03-04,3753,260,19,9,69,5605.75,6.93
CR0011,2026-03-05,3102,145,20,7,47,4156.45,4.69
CR0011,2026-03-06,3364,195,21,6,115,18265.51,5.8
CR0011,2026-03-07,4523,515,32,30,140,3031.55,11.41
CR0011,2026-03-08,4659,272,35,10,139,6468.58,5.84
CR0011,2026-03-09,2580,250,33,17,26,2871.13,9.72
CR0011,2026-03-10,3308,180,24,9,128,9276.05,5.46
CR0011,2026-03-11,3811,134,17,3,309,58153.16,3.53
CR0011,2026-03-12,2492,239,34,15,214,15801.4,9.62
CR0011,2026-03-13,3556,398,26,8,122,12836.34,11.21
CR0011,2026-03-14,3542,231,13,14,150,21929.93,6.52
CR0011,2026-03-15,4017,155,12,10,157,29551.1,3.88
CR0011,2026-03-16,2656,236,25,10,162,9356.79,8.89
CR0011,2026-03-17,3567,169,19,7,150,24208.48,4.76
CR0011,2026-03-18,3673,234,34,14,44,3696.22,6.39
CR0011,2026-03-19,2982,343,21,17,93,4347.03,11.51
CR0011,2026-03-20,3441,179,11,7,117,5972.58,5.21
CR0011,2026-03-21,4537,452,67,27,71,11876.53,9.98
CR0011,2026-03-22,3683,320,30,6,41,5553.6,8.69
CR0011,2026-03-23,3804,191,20,15,197,7292.86,5.02
CR0011,2026-03-24,3232,208,31,12,62,4869.56,6.46
CR0011,2026-03-25,3462,372,38,16,182,30420.08,10.76
CR0011,2026-03-26,3598,279,15,19,226,31031.18,7.77
CR0011,2026-03-27,3550,172,19,4,298,6245.58,4.87
CR0011,2026-03-28,3887,226,12,12,127,8409.54,5.83
CR0011,2026-03-29,4633,174,10,6,241,47206.73,3.76
CR0011,2026-03-30,3395,177,9,13,197,22879.27,5.24
CR0011,2026-03-31,2435,180,14,13,214,23947.94,7.41
CR0011,2026-04-01,3464,310,16,6,93,5462.66,8.96
CR0011,2026-04-02,2435,194,21,7,137,16299.27,7.97
CR0011,2026-04-03,2677,236,15,11,239,45227.38,8.85
CR0011,2026-04-04,3201,154,17,5,199,29571.42,4.83
CR0011,2026-04-05,4237,374,37,11,233,37699.66,8.83
CR0011,2026-04-06,2917,340,25,12,163,15194.96,11.68
CR0011,2026-04-07,2829,107,15,7,74,5124.98,3.8
CR0011,2026-04-08,2396,283,20,21,96,11017.5,11.82
CR0011,2026-04-09,3878,321,41,8,143,10118.6,8.3
CR0011,2026-04-10,2736,106,5,4,116,19151.05,3.89
CR0011,2026-04-11,4572,461,48,33,190,12659.89,10.1
CR0011,2026-04-12,4603,433,50,12,175,32430.91,9.42
CR0011,2026-04-13,3457,218,27,13,130,12871.66,6.33
CR0011,2026-04-14,2917,210,16,16,165,30737.22,7.22
CR0011,2026-04-15,2682,233,13,8,230,30875.61,8.72
CR0011,2026-04-16,2395,123,7,6,29,5432.45,5.16
CR0011,2026-04-17,3812,118,17,7,182,19948.1,3.1
CR0011,2026-04-18,4655,423,43,11,35,5937.8,9.09
CR0011,2026-04-19,2957,201,20,8,273,50691.35,6.82
CR0011,2026-04-20,4205,483,57,10,116,21742.27,11.5
CR0011,2026-04-21,3755,418,28,17,61,1778.95,11.13
CR0011,2026-04-22,3240,146,21,5,248,42938.69,4.53
CR0011,2026-04-23,3954,221,21,7,45,4088.33,5.61
CR0011,2026-04-24,4090,464,67,23,425,76775.78,11.36
CR0011,2026-04-25,5137,180,9,8,96,7963.19,3.52
CR0011,2026-04-26,4825,319,16,14,118,21444.35,6.62
CR0011,2026-04-27,3105,348,17,23,82,7164.81,11.22
CR0011,2026-04-28,3020,333,34,12,276,27347.24,11.03
CR0011,2026-04-29,2582,251,12,18,94,6700.5,9.72
CR0011,2026-04-30,2575,174,14,3,211,40669.36,6.79
CR0011,2026-05-01,4265,173,17,8,154,23900.21,4.07
CR0011,2026-05-02,5032,332,40,21,215,41362.16,6.6
CR0011,2026-05-03,5074,209,17,4,162,27438.01,4.14
CR0011,2026-05-04,3186,266,13,12,55,5346.62,8.37
CR0011,2026-05-05,3568,341,23,12,49,7162.43,9.56
CR0011,2026-05-06,3672,251,24,16,77,10009.85,6.86
CR0011,2026-05-07,2720,290,32,8,45,3118.28,10.69
CR0011,2026-05-08,2733,117,6,3,169,19349.62,4.32
CR0011,2026-05-09,4890,578,41,26,64,1875.07,11.82
CR0011,2026-05-10,3351,210,30,13,127,6694.84,6.27
CR0011,2026-05-11,2361,211,17,7,77,7512.38,8.94
CR0011,2026-05-12,2875,213,17,5,193,30625.91,7.42
CR0011,2026-05-13,2633,164,21,10,148,9307.04,6.25
CR0011,2026-05-14,2935,242,14,6,174,4765.34,8.26
CR0011,2026-05-15,4352,476,62,15,107,20279.41,10.96
CR0011,2026-05-16,4740,270,26,17,146,6279.42,5.71
CR0011,2026-05-17,4215,396,55,25,309,25499.02,9.4
CR0011,2026-05-18,3142,272,16,12,140,26801.59,8.67
CR0011,2026-05-19,4020,180,13,14,177,5476.88,4.5
CR0011,2026-05-20,4401,207,27,10,210,7034.45,4.71
CR0011,2026-05-21,3307,250,26,10,122,2519.07,7.58
CR0011,2026-05-22,3591,299,15,22,165,24701.2,8.33
CR0011,2026-05-23,3834,409,32,14,50,5802.09,10.67
CR0011,2026-05-24,3931,344,49,12,104,3044.45,8.76
CR0011,2026-05-25,4458,530,37,14,279,54404.82,11.91
CR0011,2026-05-26,3103,357,49,12,83,6065.74,11.52
CR0011,2026-05-27,4486,387,19,15,213,14074.55,8.63
CR0012,2026-02-27,640755,57128,7815,4361,39818,5728248.15,8.92
CR0012,2026-02-28,1491525,79291,8929,4460,34332,2690507.71,5.32
CR0012,2026-03-01,969925,84075,11419,3676,49172,4823903.08,8.67
CR0012,2026-03-02,717422,52451,5223,2494,32543,3987768.37,7.31
CR0012,2026-03-03,1153701,53343,4171,2059,109390,15722190.27,4.62
CR0012,2026-03-04,742242,31854,2950,1506,36949,5556214.97,4.29
CR0012,2026-03-05,716108,69849,3574,1814,16110,361498.26,9.75
CR0012,2026-03-06,1099220,125444,7930,8305,45441,5813480.36,11.41
CR0012,2026-03-07,1404781,43331,5596,2276,127846,4512162.82,3.08
CR0012,2026-03-08,938459,92316,12853,6363,28953,1849679.62,9.84
